{"cameraMode":{"drawMode":0,"name":"Shaded","section":"Shading Mode"},"sceneLighting":false,"audioPlay":false,"sceneViewState":{"m_AlwaysRefresh":false,"showFog":true,"showSkybox":false,"showFlares":true,"showImageEffects":true,"showParticleSystems":true,"showVisualEffectGraphs":true,"m_FxEnabled":true},"in2DMode":false,"pivot":{"x":2.0098514556884767,"y":0.5995168685913086,"z":4.794444561004639},"rotation":{"x":-0.2426544725894928,"y":0.09498348087072373,"z":-0.023880448192358018,"w":-0.9651548266410828},"size":1.048854112625122,"orthographic":false}